{
    "SSIM_mean": 0.7831979411765646,
    "LPIPS_mean": 0.7249937366567551,
    "FID": 95.0
}